create role arthur_fabres with superuser inherit createdb createrole password 'computacao@raiz'; 

create database uvv with 
owner = arthur_fabres
template = template0 
encoding = 'UTF8' 
lc_collate = 'pt_BR.UTF-8' 
lc_ctype = 'pt_BR.UTF-8'
allow_connections = true;

ALTER ROLE "arthur_fabres" WITH LOGIN;

\c uvv arthur_fabres;
'computacao@raiz'

create schema elmasri authorization arthur_fabres;

set search_path to elmasri, arthur_fabres, public;

CREATE TABLE "funcionario" (
  "cpf" CHAR(11) PRIMARY KEY NOT NULL,
  "primeiro_nome" VARCHAR(15) NOT NULL,
  "nome_meio" CHAR(1),
  "ultimo_nome" VARCHAR(15) NOT NULL,
  "data_nascimento" DATE,
  "endereco" VARCHAR(30),
  "sexo" CHAR(1),
  "salario" NUMERIC(10, 2),
  "cpf_supervisor" CHAR(11) ,
  "numero_departamento" INTEGER NOT NULL
);
COMMENT ON TABLE funcionario IS 'Tabela "funcionario" contém todas as informações dos funcionários, como o cpf, nome, data de nascimento, endereço, sexo, salário, cpf do supervisor que nesse caso também está na tabela funcionário, além do número do departamento em que ele trabalha.';

CREATE TABLE "departamento" (
  "numero_departamento" INTEGER PRIMARY KEY NOT NULL,
  "nome_departamento" VARCHAR(15) NOT NULL,
  "cpf_gerente" CHAR(11) NOT NULL,
  "data_inicio_gerente" DATE
);
COMMENT ON TABLE departamento IS 'Tabela "departamento" contém informações sobre o departamento, sendo elas o número e o nome dele, cpf do gerente, data que começou o gerente.';

CREATE TABLE "projeto" (
  "numero_projeto" INTEGER PRIMARY KEY NOT NULL,
  "nome_projeto" VARCHAR(15) NOT NULL,
  "local_projeto" VARCHAR(150),
  "numero_departamento" INTEGER NOT NULL
);
COMMENT ON TABLE projeto IS 'Tabela "projeto" nele tem as informações sobre os projetos desenvolvidos, como o número, nome, local do projeto, além do departamento responsável por ele.';
COMMENT ON COLUMN projeto.nome_projeto IS 'Criação da UNIQUE KEY ou ALTERNATE KEY no atributo "nome_projeto".';

CREATE TABLE "localizacoes_departamento" (
  "numero_departamento" INTEGER NOT NULL,
  "local" VARCHAR(15) NOT NULL,
  PRIMARY KEY ("numero_departamento", "local")
);
COMMENT ON TABLE localizacoes_departamento IS 'Tabela "localizacoes_departamento" contém o número do departamento e o local.';

CREATE TABLE "trabalha_em" (
  "cpf_funcionario" CHAR(11) NOT NULL,
  "numero_projeto" INTEGER NOT NULL,
  "horas" NUMERIC(3, 1) NOT NULL,
  PRIMARY KEY ("cpf_funcionario", "numero_projeto")
);
COMMENT ON TABLE trabalha_em IS 'Tabela "trabalha_em" é responsável por armazenar em que projeto cada funcionário trabalha, sendo os atributos o cpf do funcionário, o nome do projeto que ele trabalha e as horas.';

CREATE TABLE "dependente" (
  "cpf_funcionario" CHAR(11) NOT NULL,
  "nome_dependente" VARCHAR(15) NOT NULL,
  "sexo" CHAR(1),
  "data_nascimento" DATE,
  "parentesco" VARCHAR(15),
  PRIMARY KEY ("cpf_funcionario", "nome_dependente")
);
COMMENT ON TABLE dependente IS 'Tabela "dependente" mostra os dependentes associados a cada funcionário. Os atributos da tabela são cpf do funcionário, nome, sexo, data de nascimento e parentesco dos dependentes.';

INSERT INTO funcionario
VALUES 
(88866555576,'Jorge','E','Brito','10-11-1937','R. do Horto,35,São Paulo,SP','M',55000,NULL,1),
(33344555587,'Fernando','T','Wong','08-12-1955','R. da Lapa,34,São Paulo,SP','M',40000,88866555576,5),
(12345678966,'João','B','Silva','09-01-1965','R. das flores,751,São Paulo,SP','M',30000,33344555587,5),
(98765432168,'Jennifer','S','Souza','06-20-1941','Av.Arthur de L.,54,Santo A.,SP','F',43000,88866555576,4),
(99988777767,'Alice','J','Zelaya','01-19-1968','R.Souza Lima,35,Curitiba,PR','F',25000,98765432168,4),
(6688444476,'Ronaldo','K','Lima','09-15-1962','R.Rebouças,65, Piracaba,SP','M',38000,33344555587,5),
(45345345376,'Joice','A','Leite','07-31-1972','Av.Lucas Obes,74,SP,SP','F',25000,33344555587,5),
(98798798733,'André','V','Pereira','03-29-1969','R.Timbira,35,SP,SP','M',25000,98765432168,4);

INSERT INTO departamento
VALUES
(5,'Pesquisa',33344555587,'05-22-1988'),
(4,'Administração',98765432168,'01-01-1995'),
(1,'Matriz',88866555576,'06-19-1981');

INSERT INTO localizacoes_departamento
VALUES
(5,'Santo André'),
(5,'Itu'),
(5,'São Paulo'),
(4,'Mauá'),
(1,'São Paulo');

INSERT INTO projeto
VALUES
(1,'ProdutoX','Santo André',5),
(2,'ProdutoY','Itu',5),
(3,'ProdutoZ','São Paulo',5),
(10,'Informatização','Mauá',4),
(20,'Reorganização','São Paulo',1),
(30,'Novosbenefícios','Mauá',4);

INSERT INTO dependente
VALUES
(33344555587,'Alicia','F','05-04-1986','Filha'),
(33344555587,'Tiago','M','10-25-1983','Filho'),
(33344555587,'Janaína','F','03-05-1958','Esposa'),
(98765432168,'Antonio','M','02-28-1942','Marido'),
(12345678966,'Michael','M','04-01-1988','Filho'),
(12345678966,'Alicia','F','12-30-1988','Filha'),
(12345678966,'Elizabeth','F','05-05-1967','Esposa');

INSERT INTO trabalha_em
VALUES
(12345678966,1,32.5),
(12345678966,2,7.5),
(6688444476,3,40.0),
(45345345376,1,20.0),
(45345345376,2,20.0),
(33344555587,2,10.0),
(33344555587,3,10.0),
(33344555587,10,10.0),
(33344555587,20,10.0),
(99988777767,30,30.0),
(99988777767,10,10.0),
(98798798733,10,35.0),
(98798798733,30,5.0),
(98765432168,30,20.0),
(98765432168,20,15.0),
(88866555576,20,NULL);

CREATE UNIQUE INDEX "projeto_idx" ON "projeto" ("nome_projeto");

COMMENT ON COLUMN "projeto"."nome_projeto" IS 'Criação da UNIQUE KEY ou ALTERNATE KEY no atributo "nome_projeto".';

ALTER TABLE "funcionario" ADD FOREIGN KEY ("cpf_supervisor") REFERENCES "funcionario" ("cpf") ON DELETE NO ACTION ON UPDATE NO ACTION;
COMMENT ON TABLE funcionario IS 'A tabela "funcionario" foi alterada para adicionar uma foreign key em "cpf_supervisor" remetente a "cpf", ambas na mesma tabela.';

ALTER TABLE "dependente" ADD FOREIGN KEY ("cpf_funcionario") REFERENCES "funcionario" ("cpf") ON DELETE NO ACTION ON UPDATE NO ACTION;
COMMENT ON TABLE dependente IS 'Alteração na tabela "dependente" para adicionar uma foreign key ao atributo "cpf_funcionario" referente a "cpf" na tabela "funcionario".';

ALTER TABLE "trabalha_em" ADD FOREIGN KEY ("cpf_funcionario") REFERENCES "funcionario" ("cpf") ON DELETE NO ACTION ON UPDATE NO ACTION;
COMMENT ON TABLE trabalha_em IS 'Alteração na tabela "trabalha_em" para adicionar uma foreign key ao atributo "cpf_funcionario" referente a "cpf" na tabela "funcionario".';

ALTER TABLE "departamento" ADD FOREIGN KEY ("cpf_gerente") REFERENCES "funcionario" ("cpf") ON DELETE NO ACTION ON UPDATE NO ACTION;
COMMENT ON TABLE departamento IS 'Alteração na tabela "departamento" para adicionar uma foreign key ao atributo "cpf_gerente" referente a "cpf" na tabela "funcionario".';

ALTER TABLE "localizacoes_departamento" ADD FOREIGN KEY ("numero_departamento") REFERENCES "departamento" ("numero_departamento") ON DELETE NO ACTION ON UPDATE NO ACTION;
COMMENT ON TABLE localizacoes_departamento IS 'Alteração na tabela "localizacoes_departamento" para adicionar uma foreign key ao atributo "numero_departamento" referente a "numero_departamento" na tabela "departamento".';

ALTER TABLE "projeto" ADD FOREIGN KEY ("numero_departamento") REFERENCES "departamento" ("numero_departamento") ON DELETE NO ACTION ON UPDATE NO ACTION;
COMMENT ON TABLE projeto IS 'Alteração na tabela "projeto" para adicionar uma foreign key ao atributo "numero_departamento" referente a "numero_departamento" na tabela "departamento".';

ALTER TABLE "trabalha_em" ADD FOREIGN KEY ("numero_projeto") REFERENCES "projeto" ("numero_projeto") ON DELETE NO ACTION ON UPDATE NO ACTION;
COMMENT ON TABLE trabalha_em IS 'Alteração na tabela "trabalha_em" para adicionar uma foreign key ao atributo "numero_projeto" referente a "numero_projeto" na tabela "projeto".';
